Date,Type de transaction,Texte de notification

12/31/2025,Enregistrement comptable,DÉBIT ORDRE PERMANENT: 90-29076792 RAIFFEISEN RAIFFEISENPLATZ 9001 ST. GALLEN CH3580808008146396840 PIETRO ALBERTI 1006 LAUSANNE
12/29/2025,Enregistrement comptable,DÉBIT CH6030000001100260003 CAISSE CANTONALE VAUDOISE DE COMPEN SATION AVS RUE DES MOULINS 3 1800 VEVEY REFERENCE DE L'EXPEDITEUR: 20251227000800177090964
12/28/2025,Enregistrement comptable,TRANSFERT SUR COMPTE CH7809000000107525085
12/17/2025,Enregistrement comptable,ACHAT/PRESTATION TWINT DU 17.12.2025 AIMÉ POULY SA 4584 LAUSANNE (CH)
12/15/2025,Enregistrement comptable,DÉBIT UBS SWITZERLAND AG BAHNHOFSTRASSE 45 8098 ZÜRICH CH893000520211491010B SERAFE AG SUMMELENWEG 91 8808 PFÄFFIKON SZ REFERENCE DE L'EXPEDITEUR: 20251213000800685497209
12/13/2025,Enregistrement comptable,ACHAT/PRESTATION TWINT DU 13.12.2025 CAFFÈ SPETTACOLO 11889 LAUSANNE (CH)
12/12/2025,Enregistrement comptable,ACHAT/PRESTATION TWINT DU 12.12.2025 ZYMI SARL LAUSANNE (CH)
8/12/2025,Enregistrement comptable,ACHAT/SHOPPING EN LIGNE DU 08.12.2025 CARTE N° XXXX0918 INFOMANIAK.COM INTERNET
5/12/2025,Enregistrement comptable,ACHAT/SHOPPING EN LIGNE DU 05.12.2025 USD 21.62 AU COURS DE 0.8112 MONTANT DANS LA MONNAIE DU COMPTE 17.54 1.5% FRAIS DE TRAITEMENT CHF 0.26 CARTE N° XXXX0918 CLAUDE.AI SUBSCRIPTION SAN FRANCISCO
4/12/2025,Enregistrement comptable,ACHAT/PRESTATION TWINT DU 04.12.2025 M MIGROS DU SILO RENENS VD (CH)
4/12/2025,Enregistrement comptable,ACHAT/PRESTATION TWINT DU 04.12.2025 OBI RENENS RENENS (CH)
3/12/2025,Enregistrement comptable,ACHAT/SHOPPING EN LIGNE DU 03.12.2025 CARTE N° XXXX0918 INFOMANIAK.COM INTERNET
2/12/2025,Enregistrement comptable,ACHAT/SHOPPING EN LIGNE DU 02.12.2025 CARTE N° XXXX0918 INFOMANIAK.COM INTERNET
1/12/2025,Enregistrement comptable,"ENVOI D'ARGENT TWINT DU 01.12.2025 POUR NUMÉRO MOBILE. +41774042694 MATOS, SEBASTIEN"
1/12/2025,Enregistrement comptable,DÉBIT ORDRE PERMANENT: 90-29076792 RAIFFEISEN RAIFFEISENPLATZ 9001 ST. GALLEN CH3580808008146396840 PIETRO ALBERTI 1006 LAUSANNE
11/28/2025,Enregistrement comptable,ACHAT/PRESTATION TWINT DU 28.11.2025 HAPPY DAYS LAUSANNE (CH)
11/27/2025,Enregistrement comptable,ACHAT/PRESTATION TWINT DU 27.11.2025 REATAURANT TÄI AU LAC LAUSANNE (CH)
11/26/2025,Enregistrement comptable,ACHAT/PRESTATION TWINT DU 26.11.2025 ZYMI SARL LAUSANNE (CH)
11/25/2025,Enregistrement comptable,ACHAT/PRESTATION TWINT DU 25.11.2025 SWISSCOM (SCHWEIZ) AG / WINGO MOBILE LIEBEFELD (CH)
11/25/2025,Enregistrement comptable,ACHAT/PRESTATION TWINT DU 25.11.2025 AUDIOSOURCE.CH LAUSANNE (CH)
11/24/2025,Enregistrement comptable,"ENVOI D'ARGENT TWINT DU 24.11.2025 POUR NUMÉRO MOBILE. +41799496141 , SARAH COMMUNICATIONS: PADEL"
11/24/2025,Enregistrement comptable,ACHAT/PRESTATION TWINT DU 24.11.2025 COOP-5386 LS BEL AIR FOOBY LAUSANNE (CH)
11/24/2025,Enregistrement comptable,DÉBIT UBS SWITZERLAND AG BAHNHOFSTRASSE 45 8098 ZÜRICH CH1530005230P02034370 ZÜRICH VERSICHERUNGS-GESELLSCHAFT A G REGIONALSITZ ZÜRICH HAGENHOLZSTRASSE 60 8050 ZÜRICH REFERENCE DE L'EXPEDITEUR: 20251123000800956428463
11/24/2025,Enregistrement comptable,DÉBIT UBS SWITZERLAND AG BAHNHOFSTRASSE 45 8098 ZÜRICH CH1530005230P02034370 ZÜRICH VERSICHERUNGS-GESELLSCHAFT A G REGIONALSITZ ZÜRICH HAGENHOLZSTRASSE 60 8050 ZÜRICH REFERENCE DE L'EXPEDITEUR: 20251123000800956423499
11/22/2025,Enregistrement comptable,ACHAT/PRESTATION TWINT DU 22.11.2025 DECATHLON LAUSANNE LAUSANNE (CH)
11/22/2025,Enregistrement comptable,ACHAT/PRESTATION TWINT DU 22.11.2025 COOP-5386 LS BEL AIR FOOBY LAUSANNE (CH)
11/22/2025,Enregistrement comptable,ACHAT/PRESTATION TWINT DU 22.11.2025 AUDIOSOURCE SA LAUSANNE (CH)
8/11/2025,Enregistrement comptable,ACHAT/SHOPPING EN LIGNE DU 08.11.2025 CARTE N° XXXX0918 INFOMANIAK.COM INTERNET
7/11/2025,Enregistrement comptable,ACHAT/PRESTATION TWINT DU 07.11.2025 M MIGROS DU SILO RENENS VD (CH)
7/11/2025,Enregistrement comptable,ACHAT/PRESTATION TWINT DU 07.11.2025 OBI RENENS RENENS (CH)
7/11/2025,Enregistrement comptable,ACHAT/PRESTATION TWINT DU 07.11.2025 ZYMI SARL LAUSANNE (CH)
6/11/2025,Enregistrement comptable,ACHAT/PRESTATION TWINT DU 06.11.2025 LS CLASSIC LAUSANNE (CH)
6/11/2025,Enregistrement comptable,ACHAT/PRESTATION TWINT DU 06.11.2025 GRIMPER.CH LAUSANNE (CH)
6/11/2025,Enregistrement comptable,ACHAT/PRESTATION TWINT DU 06.11.2025 GRIMPER.CH LAUSANNE (CH)
5/11/2025,Enregistrement comptable,ACHAT/SHOPPING EN LIGNE DU 05.11.2025 USD 21.62 AU COURS DE 0.8181 MONTANT DANS LA MONNAIE DU COMPTE 17.69 1.5% FRAIS DE TRAITEMENT 0.27 CARTE N° XXXX0918 CLAUDE.AI SUBSCRIPTION SAN FRANCISCO
5/11/2025,Enregistrement comptable,ACHAT/PRESTATION TWINT DU 05.11.2025 DECATHLON LAUSANNE LAUSANNE (CH)
5/11/2025,Enregistrement comptable,ACHAT/PRESTATION TWINT DU 05.11.2025 COOP-5386 LS BEL AIR FOOBY LAUSANNE (CH)
3/11/2025,Enregistrement comptable,ACHAT/PRESTATION TWINT DU 03.11.2025 AIMÉ POULY SA 4584 LAUSANNE (CH)
2/11/2025,Enregistrement comptable,ACHAT/SHOPPING EN LIGNE DU 02.11.2025 CARTE N° XXXX0918 INFOMANIAK.COM INTERNET
1/11/2025,Enregistrement comptable,ACHAT/PRESTATION TWINT DU 01.11.2025 COOP-5932 LS CITY ST.FRANÇ. K. LAUSANNE (CH)
10/31/2025,Enregistrement comptable,ACHAT/PRESTATION TWINT DU 31.10.2025 AIMÉ POULY SA 4584 LAUSANNE (CH)
10/29/2025,Enregistrement comptable,ACHAT/PRESTATION TWINT DU 29.10.2025 COOP-5932 LS CITY ST.FRANÇ. K. LAUSANNE (CH)
10/26/2025,Enregistrement comptable,ACHAT/SHOPPING EN LIGNE DU 26.10.2025 USD 6.49 AU COURS DE 0.8066 MONTANT DANS LA MONNAIE DU COMPTE 5.23 1.5% FRAIS DE TRAITEMENT 0.08 CARTE N° XXXX0918 OPENAI SAN FRANCISCO
10/23/2025,Enregistrement comptable,"ENVOI D'ARGENT TWINT DU 23.10.2025 POUR NUMERO MOBILE. +41789141059 SASSOLI DE BIANCHI, LUCA COMMUNICATIONS: HEHE FORGOT TO PAY THE BEERS"
10/23/2025,Enregistrement comptable,"ENVOI D'ARGENT TWINT DU 23.10.2025 POUR NUMERO MOBILE. +41786842546 , HELENE"
10/23/2025,Enregistrement comptable,ACHAT/PRESTATION TWINT DU 23.10.2025 CAFFÈ SPETTACOLO 11889 LAUSANNE (CH)
10/21/2025,Enregistrement comptable,ACHAT/PRESTATION TWINT DU 21.10.2025 GRIMPER.CH LAUSANNE (CH)
10/21/2025,Enregistrement comptable,ACHAT/PRESTATION TWINT DU 21.10.2025 AIMÉ POULY SA 4584 LAUSANNE (CH)
10/18/2025,Enregistrement comptable,ACHAT/PRESTATION TWINT DU 18.10.2025 LS BAN AND CO LAUSANNE (CH)
10/18/2025,Enregistrement comptable,"ENVOI D'ARGENT TWINT DU 18.10.2025 POUR NUMERO MOBILE. +41793695620 , ELLIOT"
10/18/2025,Enregistrement comptable,ACHAT/PRESTATION TWINT DU 18.10.2025 GRIMPER.CH LAUSANNE (CH)
10/16/2025,Enregistrement comptable,ACHAT/PRESTATION TWINT DU 16.10.2025 MARTEREY 56 LAUSANNE (CH)
10/14/2025,Enregistrement comptable,ACHAT/SHOPPING EN LIGNE DU 14.10.2025 CARTE N° XXXX0918 EPC*UNREAL ENGINE MKT 919-854-0070
10/13/2025,Enregistrement comptable,ACHAT/SHOPPING EN LIGNE DU 13.10.2025 CARTE N° XXXX0918 EPC*UNREAL ENGINE MKT 919-854-0070
10/13/2025,Enregistrement comptable,"ENVOI D'ARGENT TWINT DU 13.10.2025 POUR NUMERO MOBILE. +41774042694 MATOS, SEBASTIEN"
11/10/2025,Enregistrement comptable,ACHAT/PRESTATION TWINT DU 11.10.2025 COOP-5932 LS CITY ST.FRANÇ. K. LAUSANNE (CH)
11/10/2025,Enregistrement comptable,ACHAT/PRESTATION TWINT DU 11.10.2025 GRIMPER.CH LAUSANNE (CH)
11/10/2025,Enregistrement comptable,ACHAT/PRESTATION TWINT DU 11.10.2025 MEALZ LAUSANNE (CH)
8/10/2025,Enregistrement comptable,ACHAT/PRESTATION TWINT DU 08.10.2025 SWISSCOM (SCHWEIZ) AG / WINGO MOBILE LIEBEFELD (CH)
8/10/2025,Enregistrement comptable,ACHAT/PRESTATION TWINT DU 08.10.2025 SWISSCOM (SCHWEIZ) AG / WINGO MOBILE LIEBEFELD (CH)
8/10/2025,Enregistrement comptable,ACHAT/PRESTATION TWINT DU 08.10.2025 SWISSCOM (SCHWEIZ) AG / WINGO MOBILE LIEBEFELD (CH)
8/10/2025,Enregistrement comptable,ACHAT/SHOPPING EN LIGNE DU 08.10.2025 CARTE N° XXXX0918 INFOMANIAK.COM INTERNET
5/10/2025,Enregistrement comptable,ACHAT/SHOPPING EN LIGNE DU 05.10.2025 USD 21.62 AU COURS DE 0.8078 MONTANT DANS LA MONNAIE DU COMPTE 17.46 1.5% FRAIS DE TRAITEMENT 0.26 CARTE N° XXXX0918 CLAUDE.AI SUBSCRIPTION SAN FRANCISCO
3/10/2025,Enregistrement comptable,ACHAT/PRESTATION TWINT DU 03.10.2025 COOP-5932 LS CITY ST.FRANÇ. K. LAUSANNE (CH)
3/10/2025,Enregistrement comptable,TRANSFERT SUR COMPTE CH7909000000167453025
2/10/2025,Enregistrement comptable,"ENVOI D'ARGENT TWINT DU 02.10.2025 POUR NUMERO MOBILE. +41774236792 , RAPHAËLLE"
2/10/2025,Enregistrement comptable,"ENVOI D'ARGENT TWINT DU 02.10.2025 POUR NUMERO MOBILE. +41774236792 , RAPHAËLLE"
2/10/2025,Enregistrement comptable,ACHAT/SHOPPING EN LIGNE DU 02.10.2025 CARTE N° XXXX0918 INFOMANIAK.COM INTERNET
1/10/2025,Enregistrement comptable,DÉBIT CH6030000001100260003 CAISSE CANTONALE VAUDOISE DE COMPEN SATION AVS RUE DES MOULINS 3 1800 VEVEY REFERENCE DE L'EXPEDITEUR: 20250930000800593287033
1/10/2025,Enregistrement comptable,DÉBIT CH9630000001800038016 FORTUNA COMPAGNIE D'ASSURANCE DE PROTECTION JURIDIQUE SA 8134 ADLISWIL REFERENCE DE L'EXPEDITEUR: 20250930000800593230609
1/10/2025,Enregistrement comptable,DÉBIT CH6430000001306657404 MOBILIÈRE SUISSE SOCIÉTÉ D'ASSURANC ES SA 3001 BERNE REFERENCE DE L'EXPEDITEUR: 20250930000800593215329
9/14/2025,Enregistrement comptable,ACHAT/PRESTATION TWINT DU 14.09.2025 CAFFÈ SPETTACOLO 11889 LAUSANNE (CH)
12/9/2025,Enregistrement comptable,ACHAT/PRESTATION TWINT DU 12.09.2025 M MIGROS DU SILO RENENS VD (CH)
10/9/2025,Enregistrement comptable,ACHAT/PRESTATION TWINT DU 10.09.2025 AIMÉ POULY SA 4584 LAUSANNE (CH)
8/9/2025,Enregistrement comptable,ACHAT/SHOPPING EN LIGNE DU 08.09.2025 CARTE N° XXXX0918 INFOMANIAK.COM INTERNET
7/9/2025,Enregistrement comptable,ACHAT/SHOPPING EN LIGNE DU 07.09.2025 CARTE N° XXXX0918 PROTON AG* PROTON AG GENEVA
5/9/2025,Enregistrement comptable,ACHAT/SHOPPING EN LIGNE DU 05.09.2025 USD 21.62 AU COURS DE 0.8152 MONTANT DANS LA MONNAIE DU COMPTE 17.62 1.5% FRAIS DE TRAITEMENT 0.26 CARTE N° XXXX0918 CLAUDE.AI SUBSCRIPTION SAN FRANCISCO
2/9/2025,Enregistrement comptable,ACHAT/SHOPPING EN LIGNE DU 02.09.2025 CARTE N° XXXX0918 INFOMANIAK.COM INTERNET
1/9/2025,Enregistrement comptable,"ACHAT/SHOPPING EN LIGNE DU 01.09.2025 USD 192.00 AU COURS DE 0.8120 MONTANT DANS LA MONNAIE DU COMPTE 155.90 1.5% FRAIS DE TRAITEMENT 2.34 CARTE N° XXXX0918 CURSOR, AI POWERED IDE NEW YORK"
8/20/2025,Enregistrement comptable,ACHAT/PRESTATION TWINT DU 20.08.2025 SWISSCOM (SCHWEIZ) AG / WINGO MOBILE LIEBEFELD (CH)
8/20/2025,Enregistrement comptable,ACHAT/PRESTATION TWINT DU 20.08.2025 SWISSCOM (SCHWEIZ) AG / WINGO MOBILE LIEBEFELD (CH)
8/20/2025,Enregistrement comptable,ACHAT/PRESTATION TWINT DU 20.08.2025 SWISSCOM (SCHWEIZ) AG / WINGO MOBILE LIEBEFELD (CH)
8/19/2025,Enregistrement comptable,"ENVOI D'ARGENT TWINT DU 19.08.2025 POUR NUMERO MOBILE. +41788893684 , BEN COMMUNICATIONS: MAAAALL GRAB"
8/18/2025,Enregistrement comptable,"ENVOI D'ARGENT TWINT DU 18.08.2025 POUR NUMERO MOBILE. +41763751020 , MAXIME COMMUNICATIONS: PADEL"
8/18/2025,Enregistrement comptable,"ENVOI D'ARGENT TWINT DU 18.08.2025 POUR NUMERO MOBILE. +41799496141 , SARAH COMMUNICATIONS: PADEL"
8/18/2025,Enregistrement comptable,ACHAT/SHOPPING EN LIGNE DU 18.08.2025 USD 6.49 AU COURS DE 0.8167 MONTANT DANS LA MONNAIE DU COMPTE 5.30 1.5% FRAIS DE TRAITEMENT 0.08 CARTE N° XXXX0918 ANTHROPIC SAN FRANCISCO
8/17/2025,Enregistrement comptable,ACHAT/SHOPPING EN LIGNE DU 17.08.2025 USD 10.81 AU COURS DE 0.8167 MONTANT DANS LA MONNAIE DU COMPTE 8.83 1.5% FRAIS DE TRAITEMENT 0.13 CARTE N° XXXX0918 ANTHROPIC SAN FRANCISCO
8/16/2025,Enregistrement comptable,"ENVOI D'ARGENT TWINT DU 16.08.2025 POUR NUMERO MOBILE. +41774236792 , RAPHAËLLE"
8/16/2025,Enregistrement comptable,"ENVOI D'ARGENT TWINT DU 16.08.2025 POUR NUMERO MOBILE. +41797051239 , SENTLI"
8/16/2025,Enregistrement comptable,"ENVOI D'ARGENT TWINT DU 16.08.2025 POUR NUMERO MOBILE. +41782015105 , FLAMENCO"
8/16/2025,Enregistrement comptable,"ENVOI D'ARGENT TWINT DU 16.08.2025 POUR NUMERO MOBILE. +41774236792 , RAPHAËLLE COMMUNICATIONS: EMOJI"
8/16/2025,Enregistrement comptable,ACHAT/PRESTATION TWINT DU 16.08.2025 COOP PRONTO 4107 BIEL/BIENNE BIEL/BIENNE (CH)
8/15/2025,Enregistrement comptable,ACHAT/SHOPPING EN LIGNE DU 15.08.2025 USD 21.62 AU COURS DE 0.8159 MONTANT DANS LA MONNAIE DU COMPTE 17.64 1.5% FRAIS DE TRAITEMENT 0.26 CARTE N° XXXX0918 ANTHROPIC SAN FRANCISCO
8/14/2025,Enregistrement comptable,ACHAT/SHOPPING EN LIGNE DU 14.08.2025 USD 10.81 AU COURS DE 0.8170 MONTANT DANS LA MONNAIE DU COMPTE 8.83 1.5% FRAIS DE TRAITEMENT 0.13 CARTE N° XXXX0918 OPENAI SAN FRANCISCO
8/13/2025,Enregistrement comptable,ACHAT/SHOPPING EN LIGNE DU 13.08.2025 USD 21.62 AU COURS DE 0.8211 MONTANT DANS LA MONNAIE DU COMPTE 17.75 1.5% FRAIS DE TRAITEMENT 0.27 CARTE N° XXXX0918 ANTHROPIC SAN FRANCISCO
11/8/2025,Enregistrement comptable,"ENVOI D'ARGENT TWINT DU 11.08.2025 POUR NUMERO MOBILE. +41789141059 SASSOLI DE BIANCHI, LUCA COMMUNICATIONS: KEBISH"
11/8/2025,Enregistrement comptable,ACHAT/SHOPPING EN LIGNE DU 11.08.2025 USD 21.61 AU COURS DE 0.8175 MONTANT DANS LA MONNAIE DU COMPTE 17.67 1.5% FRAIS DE TRAITEMENT 0.27 CARTE N° XXXX0918 LEMSQZY* NEAT SALT LAKE CIT
11/8/2025,Enregistrement comptable,"ENVOI D'ARGENT TWINT DU 11.08.2025 POUR NUMERO MOBILE. +41792136798 , SPETTACOLO"
11/8/2025,Enregistrement comptable,"ENVOI D'ARGENT TWINT DU 11.08.2025 POUR NUMERO MOBILE. +41763751020 BLANCO, MAXIME COMMUNICATIONS: HEHE DESO J'AI ZAPPÉ! MERCI POUR LA RAQUETTE"
10/8/2025,Enregistrement comptable,"ENVOI D'ARGENT TWINT DU 10.08.2025 POUR NUMERO MOBILE. +41793687967 REISEN, KANDER"
8/8/2025,Enregistrement comptable,ACHAT/SHOPPING EN LIGNE DU 08.08.2025 CARTE N° XXXX0918 INFOMANIAK.COM INTERNET
6/8/2025,Enregistrement comptable,ACHAT/SERVICE DU 06.08.2025 CARTE NO XXXX0918 EPICERIE DU LAC RENENS (CH)
5/8/2025,Enregistrement comptable,ACHAT/SHOPPING EN LIGNE DU 05.08.2025 USD 21.62 AU COURS DE 0.8171 MONTANT DANS LA MONNAIE DU COMPTE 17.67 1.5% FRAIS DE TRAITEMENT 0.27 CARTE N° XXXX0918 CLAUDE.AI SUBSCRIPTION SAN FRANCISCO
5/8/2025,Enregistrement comptable,ACHAT/PRESTATION TWINT DU 05.08.2025 SNACK TIME RENENS (CH)
2/8/2025,Enregistrement comptable,ACHAT/SHOPPING EN LIGNE DU 02.08.2025 CARTE N° XXXX0918 INFOMANIAK.COM INTERNET
1/8/2025,Enregistrement comptable,ACHAT/SHOPPING EN LIGNE DU 01.08.2025 CARTE N° XXXX0918 INFOMANIAK.COM INTERNET
7/30/2025,Enregistrement comptable,ACHAT/SERVICE DU 30.07.2025 CARTE NO XXXX0918 POULY SA 4584 LAUSANNE (CH)
7/29/2025,Enregistrement comptable,"ENVOI D'ARGENT TWINT DU 29.07.2025 POUR NUMERO MOBILE. +41774236792 , RAPHAËLLE"
7/28/2025,Enregistrement comptable,ACHAT/SERVICE DU 28.07.2025 CARTE NO XXXX0918 M MIGROS DU SILO RENENS VD (CH)
7/27/2025,Enregistrement comptable,ACHAT/PRESTATION TWINT DU 27.07.2025 PÂTISSERIE VINCENT LUTRY (CH)
7/27/2025,Enregistrement comptable,ACHAT/PRESTATION TWINT DU 27.07.2025 MOUTARLIERSÀRL LUTRY (CH)
7/26/2025,Enregistrement comptable,"ENVOI D'ARGENT TWINT DU 26.07.2025 POUR NUMERO MOBILE. +41774236792 , RAPHAËLLE COMMUNICATIONS: SIEGES AVION"
7/26/2025,Enregistrement comptable,"ENVOI D'ARGENT TWINT DU 26.07.2025 POUR NUMERO MOBILE. +41774236792 , RAPHAËLLE COMMUNICATIONS: COLOMBIA"
7/25/2025,Enregistrement comptable,ACHAT/SHOPPING EN LIGNE DU 25.07.2025 USD 16.22 AU COURS DE 0.8058 MONTANT DANS LA MONNAIE DU COMPTE 13.07 1.5% FRAIS DE TRAITEMENT 0.20 CARTE N° XXXX0918 ANTHROPIC SAN FRANCISCO
7/24/2025,Enregistrement comptable,ACHAT/SERVICE DU 24.07.2025 CARTE NO XXXX0918 M MIGROS DU SILO RENENS VD (CH)
7/24/2025,Enregistrement comptable,ACHAT/PRESTATION TWINT DU 24.07.2025 SWISSCOM (SCHWEIZ) AG / WINGO MOBILE LIEBEFELD (CH)
7/22/2025,Enregistrement comptable,ACHAT/PRESTATION TWINT DU 22.07.2025 AIMÉ POULY SA 4584 LAUSANNE (CH)
7/21/2025,Enregistrement comptable,"ENVOI D'ARGENT TWINT DU 21.07.2025 POUR NUMERO MOBILE. +41763751020 , MAXIME COMMUNICATIONS: PADEL"
7/21/2025,Enregistrement comptable,ACHAT/PRESTATION TWINT DU 21.07.2025 SELECTA AG KIRCHBERG (CH)
7/21/2025,Enregistrement comptable,ACHAT/SERVICE DU 21.07.2025 CARTE NO XXXX0918 PANETIER LAUSANNE SOUS-VOIES GARE LAUSANNE (CH)
7/21/2025,Enregistrement comptable,ACHAT/SERVICE DU 21.07.2025 CARTE NO XXXX0918 CAFÉ OBERSTRASSE ZÜRICH (CH)
7/19/2025,Enregistrement comptable,ACHAT/PRESTATION TWINT DU 19.07.2025 CASTELGRANDE BELLINZONA (CH)
7/19/2025,Enregistrement comptable,ACHAT/PRESTATION TWINT DU 19.07.2025 RISTORANTE BUFFET DELLA STAZIONE LUGANO (CH)
7/16/2025,Enregistrement comptable,ACHAT/PRESTATION TWINT DU 16.07.2025 LE TEMPS SA GENÈVE (CH)
7/15/2025,Enregistrement comptable,ACHAT/SHOPPING EN LIGNE DU 15.07.2025 USD 21.62 AU COURS DE 0.8078 MONTANT DANS LA MONNAIE DU COMPTE 17.46 1.5% FRAIS DE TRAITEMENT 0.26 CARTE N° XXXX0918 ANTHROPIC SAN FRANCISCO
7/14/2025,Enregistrement comptable,ACHAT/SERVICE DU 14.07.2025 CARTE NO XXXX0918 MIRO MANUFACTURA DE CAFÉ ZÜRICH (CH)
7/14/2025,Enregistrement comptable,ACHAT/SERVICE DU 14.07.2025 CARTE NO XXXX0918 ZÜRICH EUROPAALLEE WC SBB ZÜRICH (CH)
7/14/2025,Enregistrement comptable,ACHAT/SERVICE DU 14.07.2025 CARTE NO XXXX0918 CAFFÈ SPETTACOLO 11889 LAUSANNE (CH)
7/14/2025,Enregistrement comptable,ACHAT/SERVICE DU 14.07.2025 CARTE NO XXXX0918 BRIDGE ZÜRICH (CH)
8/7/2025,Enregistrement comptable,ACHAT/SHOPPING EN LIGNE DU 08.07.2025 CARTE N° XXXX0918 INFOMANIAK.COM INTERNET
8/7/2025,Enregistrement comptable,ACHAT/SERVICE DU 08.07.2025 CARTE NO XXXX0918 LS IL FORNO LAUSANNE LAUSANNE (CH)
7/7/2025,Enregistrement comptable,ACHAT/SERVICE DU 07.07.2025 CARTE NO XXXX0918 POULY SA 4584 LAUSANNE (CH)
6/7/2025,Enregistrement comptable,ACHAT/SHOPPING EN LIGNE DU 06.07.2025 USD 21.62 AU COURS DE 0.8036 MONTANT DANS LA MONNAIE DU COMPTE 17.37 1.5% FRAIS DE TRAITEMENT 0.26 CARTE N° XXXX0918 CLAUDE.AI SUBSCRIPTION SAN FRANCISCO
5/7/2025,Enregistrement comptable,ACHAT/PRESTATION TWINT DU 05.07.2025 TANDOORI PLAGE SÀRL PULLY (CH)
5/7/2025,Enregistrement comptable,ACHAT/PRESTATION TWINT DU 05.07.2025 DIGITEC GALAXUS ZÜRICH (CH)
4/7/2025,Enregistrement comptable,ACHAT/SERVICE DU 04.07.2025 CARTE NO XXXX0918 EPICERIE DU LAC RENENS (CH)
4/7/2025,Enregistrement comptable,ACHAT/SHOPPING EN LIGNE DU 04.07.2025 CARTE N° XXXX0918 INFOMANIAK.COM INTERNET
3/7/2025,Enregistrement comptable,ACHAT/SERVICE DU 03.07.2025 CARTE NO XXXX0918 KKIOSK LAUSANNE CFF EST 29144 LAUSANNE (CH)
3/7/2025,Enregistrement comptable,ACHAT/SERVICE DU 03.07.2025 CARTE NO XXXX0918 COOP-5932 LS CITY ST.FRANÇOIS K. LAUSANNE (CH)
3/7/2025,Enregistrement comptable,DÉBIT CH6330000008300056916 CHEMINS DE FER FÉDÉRAUX SUISSES CFF DIVISION MARCHÉ VOYAGEURS 3000 BERNE 65 REFERENCE DE L'EXPEDITEUR: 20250702000800468529468
2/7/2025,Enregistrement comptable,ACHAT/PRESTATION TWINT DU 02.07.2025 M MIGROS DU SILO RENENS VD (CH)
2/7/2025,Enregistrement comptable,ACHAT/SERVICE DU 02.07.2025 CARTE NO XXXX6273 COOP-5932 LS CITY ST.FRANÇOIS K. LAUSANNE (CH)
1/7/2025,Enregistrement comptable,ACHAT/SERVICE DU 01.07.2025 CARTE NO XXXX6273 CJ HAIR LAUSANNE (CH)
1/7/2025,Enregistrement comptable,ACHAT/SERVICE DU 01.07.2025 CARTE NO XXXX6273 M MIGROS DU SILO RENENS VD (CH)
6/30/2025,Enregistrement comptable,ACHAT/SERVICE DU 30.06.2025 CARTE NO XXXX6273 COOP-5932 LS CITY ST.FRANÇOIS K. LAUSANNE (CH)
6/27/2025,Enregistrement comptable,ACHAT/PRESTATION TWINT DU 27.06.2025 TIBITS LAUSANNE LAUSANNE (CH)
6/27/2025,Enregistrement comptable,ACHAT/PRESTATION TWINT DU 27.06.2025 COOP PRONTO LAUSANNE GARE LAUSANNE (CH)
6/27/2025,Enregistrement comptable,ACHAT/SERVICE DU 27.06.2025 CARTE NO XXXX6273 COOP-2542 LS C. STFR REST LAUSANNE (CH)
6/27/2025,Enregistrement comptable,ACHAT/SERVICE DU 27.06.2025 CARTE NO XXXX6273 COOP-2542 LS C. STFR REST LAUSANNE (CH)
6/27/2025,Enregistrement comptable,ACHAT/SERVICE DU 27.06.2025 CARTE NO XXXX6273 COOP-2542 LS C. STFR REST LAUSANNE (CH)
6/25/2025,Enregistrement comptable,DÉBIT CH6030000001100260003 CAISSE CANTONALE VAUDOISE DE COMPEN SATION AVS RUE DES MOULINS 3 1800 VEVEY REFERENCE DE L'EXPEDITEUR: 20250624000800200823760
6/24/2025,Enregistrement comptable,ACHAT/PRESTATION TWINT DU 24.06.2025 M MIGROS DU SILO RENENS VD (CH)
6/23/2025,Enregistrement comptable,ACHAT/PRESTATION TWINT DU 23.06.2025 M MIGROS DU SILO RENENS VD (CH)
6/20/2025,Enregistrement comptable,ACHAT/SERVICE DU 20.06.2025 EUR 746.50 AU COURS DE 0.9524 MONTANT DANS LA MONNAIE DU COMPTE 710.97 1.5% FRAIS DE TRAITEMENT 10.66 CARTE NO XXXX6273 HOTEL GALLO NERO MARCIANA ITALIE
6/19/2025,Enregistrement comptable,"LASTSCHRIFT KREDITKARTE DEBIT CARTE
 DE CRÉDIT ADDEBITO CARTA DI CREDITO
 DEBIT CREDIT CARD ACCOUNT"
6/16/2025,Enregistrement comptable,ACHAT/PRESTATION TWINT DU 16.06.2025 SWISSCOM (SCHWEIZ) AG / WINGO MOBILE LIEBEFELD (CH)
12/6/2025,Enregistrement comptable,ACHAT/PRESTATION TWINT DU 12.06.2025 INFOMANIAK NETWORK SA LES ACACIAS (CH)
12/6/2025,Enregistrement comptable,ACHAT/SERVICE DU 12.06.2025 CARTE NO XXXX6273 CAFE DE PRELAZ SARL LAUSANNE (CH)
11/6/2025,Enregistrement comptable,ACHAT/SERVICE DU 11.06.2025 CARTE NO XXXX6273 CHOCOLATERIE WUTHRICH SA LAUSANNE (CH)
10/6/2025,Enregistrement comptable,ACHAT/PRESTATION TWINT DU 10.06.2025 CHOCOLATERIE WUTHRICH SA LAUSANNE (CH)
10/6/2025,Enregistrement comptable,ACHAT/SERVICE DU 10.06.2025 CARTE NO XXXX6273 BREAD STORE LAUSANNE (CH)
10/6/2025,Enregistrement comptable,"ENVOI D'ARGENT TWINT DU 10.06.2025 POUR NUMERO MOBILE. +41762954600 , SINAN"
9/6/2025,Enregistrement comptable,"ENVOI D'ARGENT TWINT DU 09.06.2025 POUR NUMERO MOBILE. +41774236792 , RAPHAËLLE"
8/6/2025,Enregistrement comptable,ACHAT/SHOPPING EN LIGNE DU 08.06.2025 CARTE N° XXXX6273 INFOMANIAK.COM INTERNET
7/6/2025,Enregistrement comptable,ACHAT/SERVICE DU 07.06.2025 CARTE NO XXXX6273 COOP-5386 LS BEL AIR FOOBY LAUSANNE (CH)
6/6/2025,Enregistrement comptable,ACHAT/SERVICE DU 06.06.2025 CARTE NO XXXX6273 BREAD STORE LAUSANNE (CH)
5/6/2025,Enregistrement comptable,ACHAT/SERVICE DU 05.06.2025 CARTE NO XXXX6273 M MIGROS DU SILO RENENS VD (CH)
5/6/2025,Enregistrement comptable,ACHAT/SHOPPING EN LIGNE DU 05.06.2025 USD 20.00 AU COURS DE 0.8347 MONTANT DANS LA MONNAIE DU COMPTE 16.69 1.5% FRAIS DE TRAITEMENT 0.25 CARTE N° XXXX6273 CLAUDE.AI SUBSCRIPTION SAN FRANCISCO
4/6/2025,Enregistrement comptable,ACHAT/SERVICE DU 04.06.2025 CARTE NO XXXX6273 POULY SA 4584 LAUSANNE (CH)
2/6/2025,Enregistrement comptable,ACHAT/SHOPPING EN LIGNE DU 02.06.2025 USD 20.00 AU COURS DE 0.8340 MONTANT DANS LA MONNAIE DU COMPTE 16.68 1.5% FRAIS DE TRAITEMENT 0.25 CARTE N° XXXX6273 ANTHROPIC SAN FRANCISCO
2/6/2025,Enregistrement comptable,ACHAT/SERVICE DU 02.06.2025 CARTE NO XXXX6273 M MIGROS DU SILO RENENS VD (CH)
2/6/2025,Enregistrement comptable,ACHAT/SHOPPING EN LIGNE DU 02.06.2025 CARTE N° XXXX6273 INFOMANIAK.COM INTERNET
5/30/2025,Enregistrement comptable,ACHAT/SERVICE DU 30.05.2025 CARTE NO XXXX6273 BREAD STORE LAUSANNE (CH)
5/30/2025,Enregistrement comptable,ACHAT/PRESTATION TWINT DU 30.05.2025 ASSOCIATION PETZI FRIBOURG (CH)
5/30/2025,Enregistrement comptable,"ENVOI D'ARGENT TWINT DU 30.05.2025 POUR NUMERO MOBILE. +41774236792 , RAPHAËLLE COMMUNICATIONS: EMOJI"
5/28/2025,Enregistrement comptable,ACHAT/SERVICE DU 28.05.2025 CARTE NO XXXX6273 POULY SA 4584 LAUSANNE (CH)
5/27/2025,Enregistrement comptable,ACHAT/SERVICE DU 27.05.2025 CARTE NO XXXX6273 BREAD STORE LAUSANNE (CH)
5/26/2025,Enregistrement comptable,ACHAT/SHOPPING EN LIGNE DU 26.05.2025 CARTE N° XXXX6273 SBB TICKET SHOP N/A ID PAIEMENT 250526091754029216AC NUMERO DE COMMANDE 140054329350
5/26/2025,Enregistrement comptable,ACHAT/SERVICE DU 26.05.2025 CARTE NO XXXX6273 OBI RENENS RENENS (CH)
5/25/2025,Enregistrement comptable,"ENVOI D'ARGENT TWINT DU 25.05.2025 POUR NUMERO MOBILE. +41774236792 , RAPHAËLLE"
5/25/2025,Enregistrement comptable,ACHAT/SHOPPING EN LIGNE DU 25.05.2025 CARTE N° XXXX6273 SBB TICKET SHOP N/A ID PAIEMENT 250525173912318960AC NUMERO DE COMMANDE 139990914370
5/24/2025,Enregistrement comptable,ACHAT/SERVICE DU 24.05.2025 CARTE NO XXXX6273 COOP PRONTO AG RENENS RENENS VD (CH) MARCHANDISES 3.50
5/23/2025,Enregistrement comptable,ACHAT/SERVICE DU 23.05.2025 CARTE NO XXXX6273 BREAD STORE LAUSANNE (CH)
5/22/2025,Enregistrement comptable,ACHAT/SERVICE DU 22.05.2025 CARTE NO XXXX6273 OBI RENENS RENENS (CH)
5/13/2025,Enregistrement comptable,ACHAT/SERVICE DU 13.05.2025 CARTE NO XXXX6273 BREAD STORE LAUSANNE (CH)
8/5/2025,Enregistrement comptable,ACHAT/SHOPPING EN LIGNE DU 08.05.2025 CARTE N° XXXX6273 INFOMANIAK.COM INTERNET
6/5/2025,Enregistrement comptable,ACHAT/SERVICE DU 06.05.2025 CARTE NO XXXX6273 BREAD STORE LAUSANNE (CH)
5/5/2025,Enregistrement comptable,ACHAT/SHOPPING EN LIGNE DU 05.05.2025 USD 20.00 AU COURS DE 0.8378 MONTANT DANS LA MONNAIE DU COMPTE 16.76 1.5% FRAIS DE TRAITEMENT 0.25 CARTE N° XXXX6273 CLAUDE.AI SUBSCRIPTION SAN FRANCISCO
5/5/2025,Enregistrement comptable,ACHAT/SERVICE DU 05.05.2025 CARTE NO XXXX6273 M MIGROS DU SILO RENENS VD (CH)
5/5/2025,Enregistrement comptable,ACHAT/SERVICE DU 05.05.2025 CARTE NO XXXX6273 LS PIQUENIQUE LAUSANNE (CH)
3/5/2025,Enregistrement comptable,ACHAT/SERVICE DU 03.05.2025 CARTE NO XXXX6273 MANOR AG - 711 (LAUS) LAUSANNE (CH)
2/5/2025,Enregistrement comptable,ACHAT/SHOPPING EN LIGNE DU 02.05.2025 CARTE N° XXXX6273 INFOMANIAK.COM INTERNET
2/5/2025,Enregistrement comptable,ACHAT/PRESTATION TWINT DU 02.05.2025 HONG THAI RUNG - STATION R ECUBLENS VD (CH)
4/29/2025,Enregistrement comptable,ACHAT/SERVICE DU 29.04.2025 CARTE NO XXXX6273 MIGROS CLOSELET LAUSANNE (CH)
4/28/2025,Enregistrement comptable,ACHAT/SERVICE DU 28.04.2025 CARTE NO XXXX6273 CHOCOLATERIE WUTHRICH SA LAUSANNE (CH)
4/22/2025,Enregistrement comptable,DÉBIT BANQUE CANTONALE VAUDOISE ST-FRANÇOIS 1001 LAUSANNE CH1000767000T55442096 NATHAN MONARD 3920 ZERMATT REFERENCE DE L'EXPEDITEUR: 20250418000800597029653
4/15/2025,Enregistrement comptable,ACHAT/SERVICE DU 15.04.2025 CARTE NO XXXX6273 COOP-5931 LUGANO CITY K. LUGANO (CH)
4/15/2025,Enregistrement comptable,ACHAT/PRESTATION TWINT DU 15.04.2025 LAC SHOP LUGANO (CH)
4/14/2025,Enregistrement comptable,ACHAT/SHOPPING EN LIGNE DU 14.04.2025 CARTE N° XXXX6273 SBB TICKET SHOP N/A ID PAIEMENT 250414173623464713AC NUMERO DE COMMANDE 135039882504
4/14/2025,Enregistrement comptable,ACHAT/PRESTATION TWINT DU 14.04.2025 SWISSCOM (SCHWEIZ) AG / WINGO MOBILE LIEBEFELD (CH)
4/14/2025,Enregistrement comptable,ACHAT/PRESTATION TWINT DU 14.04.2025 SWISSCOM (SCHWEIZ) AG / WINGO MOBILE LIEBEFELD (CH)
4/14/2025,Enregistrement comptable,ACHAT/SHOPPING EN LIGNE DU 14.04.2025 CARTE N° XXXX6273 SBB TICKET SHOP N/A ID PAIEMENT 250414124049134543 NUMERO DE COMMANDE 135007982069
4/14/2025,Enregistrement comptable,ACHAT/SHOPPING EN LIGNE DU 14.04.2025 CARTE N° XXXX6273 SBB TICKET SHOP N/A ID PAIEMENT 250414123741753525AC NUMERO DE COMMANDE 135008081833
4/13/2025,Enregistrement comptable,ACHAT/PRESTATION TWINT DU 13.04.2025 CASA PAGANINI RÈ BELLINZONA (CH)
11/4/2025,Enregistrement comptable,ACHAT/SERVICE DU 11.04.2025 CARTE NO XXXX6273 KKIOSK LAUSANNE CFF EST 29144 LAUSANNE (CH)
11/4/2025,Enregistrement comptable,ACHAT/SHOPPING EN LIGNE DU 11.04.2025 CARTE N° XXXX6273 SBB TICKET SHOP N/A ID PAIEMENT 250411114812204695AC NUMERO DE COMMANDE 134640675908
11/4/2025,Enregistrement comptable,DÉBIT CH7609000000150512514 META ASSOCIATION META C/O JOËLLE AESCHLI 1020 RENENS REFERENCE DE L'EXPEDITEUR: 20250410000800433734465
10/4/2025,Enregistrement comptable,ACHAT/SERVICE DU 10.04.2025 CARTE NO XXXX6273 M MIGROS DU SILO RENENS VD (CH)
8/4/2025,Enregistrement comptable,ACHAT/SHOPPING EN LIGNE DU 08.04.2025 USD 59.00 AU COURS DE 0.8718 MONTANT DANS LA MONNAIE DU COMPTE 51.44 1.5% FRAIS DE TRAITEMENT 0.77 CARTE N° XXXX6273 WIRELESS P* WIRELESS P WINNIPEG
8/4/2025,Enregistrement comptable,ACHAT/SERVICE DU 08.04.2025 CARTE NO XXXX6273 M MIGROS DU SILO RENENS VD (CH)
8/4/2025,Enregistrement comptable,ACHAT/SHOPPING EN LIGNE DU 08.04.2025 CARTE N° XXXX6273 INFOMANIAK.COM INTERNET
6/4/2025,Enregistrement comptable,ACHAT/SHOPPING EN LIGNE DU 06.04.2025 CARTE N° XXXX6273 SBB TICKET SHOP N/A ID PAIEMENT 250406121329754480AC NUMERO DE COMMANDE 134043575410
5/4/2025,Enregistrement comptable,ACHAT/SHOPPING EN LIGNE DU 05.04.2025 CARTE N° XXXX6273 SBB TICKET SHOP N/A ID PAIEMENT 250405180646134051AC NUMERO DE COMMANDE 133969275201
5/4/2025,Enregistrement comptable,ACHAT/SHOPPING EN LIGNE DU 05.04.2025 CARTE N° XXXX6273 SBB TICKET SHOP N/A ID PAIEMENT 250405162255363356AC NUMERO DE COMMANDE 133956875411
5/4/2025,Enregistrement comptable,ACHAT/SERVICE DU 05.04.2025 CARTE NO XXXX6273 TIBITS LAUSANNE LAUSANNE (CH)
5/4/2025,Enregistrement comptable,ACHAT/SHOPPING EN LIGNE DU 05.04.2025 USD 20.00 AU COURS DE 0.8668 MONTANT DANS LA MONNAIE DU COMPTE 17.34 1.5% FRAIS DE TRAITEMENT 0.26 CARTE N° XXXX6273 CLAUDE.AI SUBSCRIPTION SAN FRANCISCO
5/4/2025,Enregistrement comptable,ACHAT/PRESTATION TWINT DU 05.04.2025 FLEUR DE PAINS EPALINGES (CH)
5/4/2025,Enregistrement comptable,ACHAT/SHOPPING EN LIGNE DU 05.04.2025 CARTE N° XXXX6273 SBB TICKET SHOP N/A ID PAIEMENT 250405111529044175AC NUMERO DE COMMANDE 133921775325
5/4/2025,Enregistrement comptable,ACHAT/SHOPPING EN LIGNE DU 05.04.2025 CARTE N° XXXX6273 SBB TICKET SHOP N/A ID PAIEMENT 250405093403544031AC NUMERO DE COMMANDE 133908177865
4/4/2025,Enregistrement comptable,ACHAT/SHOPPING EN LIGNE DU 04.04.2025 MONTANT DANS LA MONNAIE DU COMPTE 175.31 1.5% FRAIS DE TRAITEMENT 2.63 CARTE N° XXXX6273 LOW LEVEL ACADEMY GROVETOWN
3/4/2025,Enregistrement comptable,ACHAT/SHOPPING EN LIGNE DU 03.04.2025 CARTE N° XXXX6273 SBB TICKET SHOP N/A ID PAIEMENT 250403205203054085AC NUMERO DE COMMANDE 133737075532
3/4/2025,Enregistrement comptable,ACHAT/SERVICE DU 03.04.2025 CARTE NO XXXX6273 ZYMI SARL LAUSANNE (CH)
3/4/2025,Enregistrement comptable,ACHAT/SHOPPING EN LIGNE DU 03.04.2025 CARTE N° XXXX6273 UPS CH BASEL
2/4/2025,Enregistrement comptable,ACHAT/SHOPPING EN LIGNE DU 02.04.2025 CARTE N° XXXX6273 SBB TICKET SHOP N/A ID PAIEMENT 250402172547338948AC NUMERO DE COMMANDE 133592375333
2/4/2025,Enregistrement comptable,ACHAT/SHOPPING EN LIGNE DU 02.04.2025 USD 0.18 AU COURS DE 0.8943 CARTE N° XXXX6273 AWS EMEA AWS.AMAZON.CO
2/4/2025,Enregistrement comptable,ACHAT/SHOPPING EN LIGNE DU 02.04.2025 CARTE N° XXXX6273 INFOMANIAK.COM INTERNET
2/4/2025,Enregistrement comptable,ACHAT/SERVICE DU 02.04.2025 CARTE NO XXXX6273 POULY SA 4584 LAUSANNE (CH)
2/4/2025,Enregistrement comptable,ACHAT/PRESTATION TWINT DU 02.04.2025 DIGITEC GALAXUS ZÜRICH (CH)
1/4/2025,Enregistrement comptable,"PAIEMENT INTERNATIONAL (SEPA) EUR 223.03 AU COURS DE 0.9669 WISE EUROPE S.A FLOOR 3RUE DU TRONE 100 1050 BRUSSELS BE20967029526156 FASTSEAL - UNIPESSOAL LDA RUE DU TRÔNE 100, 3RD FLOOR 1050 BRUSSELS REFERENCE DE L'EXPEDITEUR: 20250331000800154621282"
3/31/2025,Enregistrement comptable,ACHAT/PRESTATION TWINT DU 31.03.2025 M MIGROS DU SILO RENENS VD (CH)
3/31/2025,Enregistrement comptable,ACHAT/PRESTATION TWINT DU 31.03.2025 DIGITEC GALAXUS ZÜRICH (CH)
3/30/2025,Enregistrement comptable,ACHAT/SHOPPING EN LIGNE DU 30.03.2025 CARTE N° XXXX6273 SBB TICKET SHOP N/A ID PAIEMENT 250330110505743239AC NUMERO DE COMMANDE 133193575480
3/29/2025,Enregistrement comptable,ACHAT/PRESTATION TWINT DU 29.03.2025 AUX MERVEILLEUX DE FRED LAUSANNE (CH)
3/26/2025,Enregistrement comptable,ACHAT/PRESTATION TWINT DU 26.03.2025 ZYMI SARL LAUSANNE (CH)
3/26/2025,Enregistrement comptable,ACHAT/SHOPPING EN LIGNE DU 26.03.2025 CARTE N° XXXX6273 SBB TICKET SHOP N/A ID PAIEMENT 250326095519003604AC NUMERO DE COMMANDE 132707475918
3/24/2025,Enregistrement comptable,ACHAT/SERVICE DU 24.03.2025 CARTE NO XXXX6273 M MIGROS DU SILO RENENS VD (CH)
3/22/2025,Enregistrement comptable,ACHAT/PRESTATION TWINT DU 22.03.2025 DIGITEC GALAXUS ZÜRICH (CH)
3/22/2025,Enregistrement comptable,ACHAT/PRESTATION TWINT DU 22.03.2025 CHOCOLATERIE WUTHRICH SA LAUSANNE (CH)
3/22/2025,Enregistrement comptable,ACHAT/SHOPPING EN LIGNE DU 22.03.2025 CARTE N° XXXX6273 SBB TICKET SHOP N/A ID PAIEMENT 250322100808958255AC NUMERO DE COMMANDE 132241875671
3/21/2025,Enregistrement comptable,ACHAT/SERVICE DU 21.03.2025 CARTE NO XXXX6273 SUMUP **CLASSIC FOOD C LAUSANNE (CH)
3/21/2025,Enregistrement comptable,DÉBIT CH6030000001100260003 CAISSE CANTONALE VAUDOISE DE COMPEN SATION AVS RUE DES MOULINS 3 1800 VEVEY REFERENCE DE L'EXPEDITEUR: 20250320000800849328142
3/20/2025,Enregistrement comptable,ACHAT/SHOPPING EN LIGNE DU 20.03.2025 CARTE N° XXXX6273 SBB TICKET SHOP N/A ID PAIEMENT 250320165415238672AC NUMERO DE COMMANDE 132018275900
3/20/2025,Enregistrement comptable,ACHAT/SERVICE DU 20.03.2025 CARTE NO XXXX6273 LS IL FORNO LAUSANNE LAUSANNE (CH)
3/20/2025,Enregistrement comptable,ACHAT/PRESTATION TWINT DU 20.03.2025 IFOLOR SWITZERLAND KREUZLINGEN (CH)
3/14/2025,Enregistrement comptable,"ENVOI D'ARGENT TWINT DU 14.03.2025 POUR NUMERO MOBILE. +41793695620 , ELLIOT"
12/3/2025,Enregistrement comptable,ACHAT/PRESTATION TWINT DU 12.03.2025 CJ HAIR LAUSANNE (CH)
11/3/2025,Enregistrement comptable,"ENVOI D'ARGENT TWINT DU 11.03.2025 POUR NUMERO MOBILE. +41799348929 , FABRICE"
9/3/2025,Enregistrement comptable,ACHAT/SHOPPING EN LIGNE DU 09.03.2025 CARTE N° XXXX6273 SBB TICKET SHOP N/A ID PAIEMENT 250309115022083224AC NUMERO DE COMMANDE 130596656413
8/3/2025,Enregistrement comptable,ACHAT/SHOPPING EN LIGNE DU 08.03.2025 CARTE N° XXXX6273 SBB TICKET SHOP N/A ID PAIEMENT 250308100411953362AC NUMERO DE COMMANDE 130465156129
8/3/2025,Enregistrement comptable,ACHAT/SHOPPING EN LIGNE DU 08.03.2025 CARTE N° XXXX6273 INFOMANIAK.COM INTERNET
5/3/2025,Enregistrement comptable,ACHAT/SHOPPING EN LIGNE DU 05.03.2025 USD 20.00 AU COURS DE 0.9071 MONTANT DANS LA MONNAIE DU COMPTE 18.14 1.5% FRAIS DE TRAITEMENT 0.27 CARTE N° XXXX6273 CLAUDE.AI SUBSCRIPTION PASADENA
5/3/2025,Enregistrement comptable,ACHAT/SERVICE DU 05.03.2025 CARTE NO XXXX6273 MANOR AG - 711 (LAUS) LAUSANNE (CH)
4/3/2025,Enregistrement comptable,ACHAT/SERVICE DU 04.03.2025 CARTE NO XXXX6273 M MIGROS DU SILO RENENS VD (CH)
3/3/2025,Enregistrement comptable,ACHAT/SERVICE DU 03.03.2025 CARTE NO XXXX6273 M MIGROS DU SILO RENENS VD (CH)
2/3/2025,Enregistrement comptable,ACHAT/SHOPPING EN LIGNE DU 02.03.2025 USD 0.98 AU COURS DE 0.9135 CARTE N° XXXX6273 AWS EMEA AWS.AMAZON.CO
2/3/2025,Enregistrement comptable,ACHAT/SHOPPING EN LIGNE DU 02.03.2025 CARTE N° XXXX6273 INFOMANIAK.COM INTERNET
2/3/2025,Enregistrement comptable,ACHAT/SHOPPING EN LIGNE DU 02.03.2025 CARTE N° XXXX6273 SBB TICKET SHOP N/A ID PAIEMENT 250302140006593513AC NUMERO DE COMMANDE 129755556450
1/3/2025,Enregistrement comptable,ACHAT/SHOPPING EN LIGNE DU 01.03.2025 CARTE N° XXXX6273 SBB TICKET SHOP N/A ID PAIEMENT 250301194130634892AC NUMERO DE COMMANDE 129676556097
1/3/2025,Enregistrement comptable,ACHAT/SHOPPING EN LIGNE DU 01.03.2025 CARTE N° XXXX6273 SBB TICKET SHOP N/A ID PAIEMENT 250301141508604528AC NUMERO DE COMMANDE 129638056039
1/3/2025,Enregistrement comptable,ACHAT/SHOPPING EN LIGNE DU 01.03.2025 CARTE N° XXXX6273 SBB TICKET SHOP N/A ID PAIEMENT 250301122315674899AC NUMERO DE COMMANDE 129623656301
2/27/2025,Enregistrement comptable,ACHAT/SHOPPING EN LIGNE DU 27.02.2025 CARTE N° XXXX6273 SBB TICKET SHOP N/A ID PAIEMENT 250227175839584329AC NUMERO DE COMMANDE 129412256434
2/27/2025,Enregistrement comptable,ACHAT/SERVICE DU 27.02.2025 CARTE NO XXXX6273 LS PIQUENIQUE LAUSANNE (CH)
2/27/2025,Enregistrement comptable,ACHAT/SHOPPING EN LIGNE DU 27.02.2025 CARTE N° XXXX6273 SBB TICKET SHOP N/A ID PAIEMENT 250227084334299486AC NUMERO DE COMMANDE 129346756292
2/25/2025,Enregistrement comptable,ACHAT/SHOPPING EN LIGNE DU 25.02.2025 CARTE N° XXXX6273 SBB TICKET SHOP N/A ID PAIEMENT 250225184821808090AC NUMERO DE COMMANDE 129166156311
2/25/2025,Enregistrement comptable,ACHAT/SHOPPING EN LIGNE DU 25.02.2025 CARTE N° XXXX6273 SBB TICKET SHOP N/A ID PAIEMENT 250225080438303798AC NUMERO DE COMMANDE 129091556863
2/24/2025,Enregistrement comptable,ACHAT/PRESTATION TWINT DU 24.02.2025 M MIGROS DU SILO RENENS VD (CH)
2/23/2025,Enregistrement comptable,ACHAT/SHOPPING EN LIGNE DU 23.02.2025 CARTE N° XXXX6273 SBB TICKET SHOP N/A ID PAIEMENT 250223160713063795AC NUMERO DE COMMANDE 128899956121
2/22/2025,Enregistrement comptable,ACHAT/SHOPPING EN LIGNE DU 22.02.2025 CARTE N° XXXX6273 SBB TICKET SHOP N/A ID PAIEMENT 250222171650254907AC NUMERO DE COMMANDE 128788156022
2/18/2025,Enregistrement comptable,ACHAT/SHOPPING EN LIGNE DU 18.02.2025 CARTE N° XXXX6273 SBB TICKET SHOP N/A ID PAIEMENT 250218180632069522AC NUMERO DE COMMANDE 128289156592
2/18/2025,Enregistrement comptable,ACHAT/SHOPPING EN LIGNE DU 18.02.2025 CARTE N° XXXX6273 SBB TICKET SHOP N/A ID PAIEMENT 250218123406013569AC NUMERO DE COMMANDE 128249956019
2/18/2025,Enregistrement comptable,ACHAT/SERVICE DU 18.02.2025 CARTE NO XXXX6273 ZYMI SARL LAUSANNE (CH)
2/17/2025,Enregistrement comptable,ACHAT/PRESTATION TWINT DU 17.02.2025 PLANET BOWL RENENS RENENS (CH)
2/16/2025,Enregistrement comptable,ACHAT/SHOPPING EN LIGNE DU 16.02.2025 CARTE N° XXXX6273 SBB TICKET SHOP N/A ID PAIEMENT 250216114441893979AC NUMERO DE COMMANDE 127996649644
2/16/2025,Enregistrement comptable,ACHAT/SHOPPING EN LIGNE DU 16.02.2025 CARTE N° XXXX6273 SBB TICKET SHOP N/A ID PAIEMENT 250216100003733199AC NUMERO DE COMMANDE 127984850338
2/15/2025,Enregistrement comptable,ACHAT/SHOPPING EN LIGNE DU 15.02.2025 CARTE N° XXXX6273 SBB TICKET SHOP N/A ID PAIEMENT 250215130647114652AC NUMERO DE COMMANDE 127886449715
2/15/2025,Enregistrement comptable,ACHAT/SHOPPING EN LIGNE DU 15.02.2025 CARTE N° XXXX6273 SBB TICKET SHOP N/A ID PAIEMENT 250215063046324558AC NUMERO DE COMMANDE 127842049725
2/14/2025,Enregistrement comptable,ACHAT/SHOPPING EN LIGNE DU 14.02.2025 CARTE N° XXXX6273 ZC* Z-QASTI LAUSANNE LAUSANNE
2/13/2025,Enregistrement comptable,ACHAT/PRESTATION TWINT DU 13.02.2025 BK 2380 LAUSANNE FLON TL LAUSANNE
2/13/2025,Enregistrement comptable,ACHAT/SHOPPING EN LIGNE DU 13.02.2025 CARTE N° XXXX6273 SBB TICKET SHOP N/A ID PAIEMENT 250213190345153423AC NUMERO DE COMMANDE 127670049713
2/13/2025,Enregistrement comptable,ACHAT/PRESTATION TWINT DU 13.02.2025 M MIGROS DU SILO RENENS VD
2/13/2025,Enregistrement comptable,ACHAT/SHOPPING EN LIGNE DU 13.02.2025 CARTE N° XXXX6273 SBB TICKET SHOP N/A ID PAIEMENT 250213090354293080AC NUMERO DE COMMANDE 127601050330
11/2/2025,Enregistrement comptable,ACHAT/SHOPPING EN LIGNE DU 11.02.2025 CARTE N° XXXX6273 SBB TICKET SHOP N/A ID PAIEMENT 250211184405983650AC NUMERO DE COMMANDE 127416650120
11/2/2025,Enregistrement comptable,ACHAT/PRESTATION TWINT DU 11.02.2025 SWISSCOM (SCHWEIZ) AG / WINGO MOBILE LIEBEFELD
11/2/2025,Enregistrement comptable,ACHAT/PRESTATION TWINT DU 11.02.2025 SWISSCOM (SCHWEIZ) AG / WINGO MOBILE LIEBEFELD
11/2/2025,Enregistrement comptable,ACHAT/PRESTATION TWINT DU 11.02.2025 SWISSCOM (SCHWEIZ) AG / WINGO MOBILE LIEBEFELD
11/2/2025,Enregistrement comptable,ACHAT/SERVICE DU 11.02.2025 CARTE NO XXXX6273 LS PIQUENIQUE LAUSANNE (CH)
11/2/2025,Enregistrement comptable,ACHAT/SHOPPING EN LIGNE DU 11.02.2025 CARTE N° XXXX6273 SBB TICKET SHOP N/A ID PAIEMENT 250211085446288274AC NUMERO DE COMMANDE 127350649684
11/2/2025,Enregistrement comptable,DÉBIT UBS SWITZERLAND AG (FORMERLY CREDIT SUISSE) BAHNHOFSTRASSE 45 8001 ZÜRICH CH4231000167777581000 DIGITEC GALAXUS AG PFINGSTWEIDSTRASSE 60B 8005 ZÜRICH REFERENCE DE L'EXPEDITEUR: 20250210000800823679198
9/2/2025,Enregistrement comptable,ACHAT/SHOPPING EN LIGNE DU 09.02.2025 CARTE N° XXXX6273 SBB TICKET SHOP N/A ID PAIEMENT 250209135922679564AC NUMERO DE COMMANDE 127136043390
8/2/2025,Enregistrement comptable,ACHAT/SHOPPING EN LIGNE DU 08.02.2025 CARTE N° XXXX6273 INFOMANIAK.COM INTERNET
7/2/2025,Enregistrement comptable,ACHAT/SHOPPING EN LIGNE DU 07.02.2025 CARTE N° XXXX6273 SBB TICKET SHOP N/A ID PAIEMENT 250207175347244272AC NUMERO DE COMMANDE 126914043398
6/2/2025,Enregistrement comptable,ACHAT/SERVICE DU 06.02.2025 CARTE NO XXXX6273 COOP-4605 LAUSANNE CAROLINE R. LAUSANNE (CH)
5/2/2025,Enregistrement comptable,ACHAT/SHOPPING EN LIGNE DU 05.02.2025 CARTE N° XXXX6273 SBB TICKET SHOP N/A ID PAIEMENT 250205204036954411AC NUMERO DE COMMANDE 126616343258
5/2/2025,Enregistrement comptable,ACHAT/SHOPPING EN LIGNE DU 05.02.2025 USD 20.00 AU COURS DE 0.9237 MONTANT DANS LA MONNAIE DU COMPTE 18.47 1.5% FRAIS DE TRAITEMENT 0.28 CARTE N° XXXX6273 CLAUDE.AI SUBSCRIPTION SAN FRANCISCO
5/2/2025,Enregistrement comptable,ACHAT/SERVICE DU 05.02.2025 CARTE NO XXXX6273 LS IL FORNO LAUSANNE LAUSANNE (CH)
5/2/2025,Enregistrement comptable,DÉBIT UBS SWITZERLAND AG (FORMERLY CREDIT SUISSE) BAHNHOFSTRASSE 45 8001 ZÜRICH CH7631000170866351000 SIE SA CHEMIN DE LA GOTTRAUSE 11 1023 CRISSIER REFERENCE DE L'EXPEDITEUR: 20250204000800671907366
4/2/2025,Enregistrement comptable,ACHAT/SHOPPING EN LIGNE DU 04.02.2025 CARTE N° XXXX6273 SBB TICKET SHOP N/A ID PAIEMENT 250204181831303942AC NUMERO DE COMMANDE 126465643317
4/2/2025,Enregistrement comptable,ACHAT/PRESTATION TWINT DU 04.02.2025 M MIGROS DU SILO RENENS VD
4/2/2025,Enregistrement comptable,ACHAT/SERVICE DU 04.02.2025 CARTE NO XXXX6273 HIMALAYA RENENS VD (CH)
4/2/2025,Enregistrement comptable,ACHAT/PRESTATION TWINT DU 04.02.2025 SWISSCOM (SCHWEIZ) AG / WINGO MOBILE LIEBEFELD
4/2/2025,Enregistrement comptable,ACHAT/SERVICE DU 04.02.2025 CARTE NO XXXX6273 LS PIQUENIQUE LAUSANNE (CH)
4/2/2025,Enregistrement comptable,ACHAT/SHOPPING EN LIGNE DU 04.02.2025 CARTE N° XXXX6273 SBB TICKET SHOP N/A ID PAIEMENT 250204084110259470AC NUMERO DE COMMANDE 126394843283
2/2/2025,Enregistrement comptable,ACHAT/SHOPPING EN LIGNE DU 02.02.2025 CARTE N° XXXX6273 SBB TICKET SHOP N/A ID PAIEMENT 250202210040413301AC NUMERO DE COMMANDE 126224937032
2/2/2025,Enregistrement comptable,ACHAT/SHOPPING EN LIGNE DU 02.02.2025 CARTE N° XXXX6273 SBB TICKET SHOP N/A ID PAIEMENT 250202175704173758AC NUMERO DE COMMANDE 126207937257
2/2/2025,Enregistrement comptable,ACHAT/SHOPPING EN LIGNE DU 02.02.2025 CARTE N° XXXX6273 SBB TICKET SHOP N/A ID PAIEMENT 250202142830114124AC NUMERO DE COMMANDE 126182837224
2/2/2025,Enregistrement comptable,ACHAT/SHOPPING EN LIGNE DU 02.02.2025 CARTE N° XXXX6273 SBB TICKET SHOP N/A ID PAIEMENT 250202073940993979AC NUMERO DE COMMANDE 126138936951
1/31/2025,Enregistrement comptable,ACHAT/SHOPPING EN LIGNE DU 31.01.2025 CARTE N° XXXX6273 SBB TICKET SHOP N/A ID PAIEMENT 250131174640964899AC NUMERO DE COMMANDE 125953637480
1/31/2025,Enregistrement comptable,ACHAT/SERVICE DU 31.01.2025 CARTE NO XXXX6273 ZYMI SARL LAUSANNE (CH)
1/30/2025,Enregistrement comptable,ACHAT/SHOPPING EN LIGNE DU 30.01.2025 CARTE N° XXXX6273 SBB TICKET SHOP N/A ID PAIEMENT 250130181159853669AC NUMERO DE COMMANDE 125828936820
1/30/2025,Enregistrement comptable,ACHAT/SERVICE DU 30.01.2025 CARTE NO XXXX6273 LS PIQUENIQUE LAUSANNE (CH)
1/30/2025,Enregistrement comptable,ACHAT/SHOPPING EN LIGNE DU 30.01.2025 CARTE N° XXXX6273 SBB TICKET SHOP N/A ID PAIEMENT 250130091241214213AC NUMERO DE COMMANDE 125763137273
1/28/2025,Enregistrement comptable,ACHAT/SERVICE DU 28.01.2025 CARTE NO XXXX6273 ALIJEVIC CREATIVE LAUSANNE (CH)
1/27/2025,Enregistrement comptable,ACHAT/SHOPPING EN LIGNE DU 27.01.2025 CARTE N° XXXX6273 SBB TICKET SHOP N/A ID PAIEMENT 250127180615469211AC NUMERO DE COMMANDE 125427737681
1/27/2025,Enregistrement comptable,ACHAT/SHOPPING EN LIGNE DU 27.01.2025 CARTE N° XXXX6273 SBB TICKET SHOP N/A ID PAIEMENT 250127084405049317AC NUMERO DE COMMANDE 125360237411
1/26/2025,Enregistrement comptable,ACHAT/SHOPPING EN LIGNE DU 26.01.2025 CARTE N° XXXX6273 SBB TICKET SHOP N/A ID PAIEMENT 250126152220238793AC NUMERO DE COMMANDE 125280537353
1/24/2025,Enregistrement comptable,ACHAT/SHOPPING EN LIGNE DU 24.01.2025 CARTE N° XXXX6273 SBB TICKET SHOP N/A ID PAIEMENT 250124175719123381AC NUMERO DE COMMANDE 125039537056
1/22/2025,Enregistrement comptable,ACHAT/SHOPPING EN LIGNE DU 22.01.2025 CARTE N° XXXX6273 SBB TICKET SHOP N/A ID PAIEMENT 250122221254464968AC NUMERO DE COMMANDE 124801736927
1/22/2025,Enregistrement comptable,ACHAT/SHOPPING EN LIGNE DU 22.01.2025 CARTE N° XXXX6273 SBB TICKET SHOP N/A ID PAIEMENT 250122151107894688AC NUMERO DE COMMANDE 124754837280
1/22/2025,Enregistrement comptable,ACHAT/PRESTATION TWINT DU 22.01.2025 COOP-5932 LS CITY ST.FRANÇ. K. LAUSANNE
1/21/2025,Enregistrement comptable,ACHAT/SHOPPING EN LIGNE DU 21.01.2025 CARTE N° XXXX6273 SBB TICKET SHOP N/A ID PAIEMENT 250121180612429947AC NUMERO DE COMMANDE 124646737047
1/21/2025,Enregistrement comptable,"ENVOI D'ARGENT TWINT DU 21.01.2025 POUR NUMERO MOBILE. +41774042694 MATOS, SEBASTIEN"
1/21/2025,Enregistrement comptable,ACHAT/SHOPPING EN LIGNE DU 21.01.2025 CARTE N° XXXX6273 SBB TICKET SHOP N/A ID PAIEMENT 250121091137563476AC NUMERO DE COMMANDE 124584536829
1/21/2025,Enregistrement comptable,ACHAT/SERVICE DU 21.01.2025 CARTE NO XXXX6273 ZYMI SARL LAUSANNE (CH)
1/19/2025,Enregistrement comptable,ACHAT/SHOPPING EN LIGNE DU 19.01.2025 CARTE N° XXXX6273 SBB TICKET SHOP N/A ID PAIEMENT 250119155359053760AC NUMERO DE COMMANDE 124376937473
1/19/2025,Enregistrement comptable,ACHAT/SERVICE DU 19.01.2025 CARTE NO XXXX6273 LS BONGUSTO ITALIANO LAUSANNE (CH)
1/19/2025,Enregistrement comptable,ACHAT/SHOPPING EN LIGNE DU 19.01.2025 CARTE N° XXXX6273 SBB TICKET SHOP N/A ID PAIEMENT 250119135939993244AC NUMERO DE COMMANDE 124364437320
1/18/2025,Enregistrement comptable,ACHAT/SHOPPING EN LIGNE DU 18.01.2025 CARTE N° XXXX6273 SBB TICKET SHOP N/A ID PAIEMENT 250118143350133684AC NUMERO DE COMMANDE 124244237422
1/18/2025,Enregistrement comptable,ACHAT/SHOPPING EN LIGNE DU 18.01.2025 CARTE N° XXXX6273 SBB TICKET SHOP N/A ID PAIEMENT 250118092130704945AC NUMERO DE COMMANDE 124208136918
1/17/2025,Enregistrement comptable,ACHAT/SHOPPING EN LIGNE DU 17.01.2025 MONTANT DANS LA MONNAIE DU COMPTE 126.90 1.5% FRAIS DE TRAITEMENT 1.90 CARTE N° XXXX6273 WWW.AMBIENTEDIRECT.COM MUENCHEN
1/16/2025,Enregistrement comptable,ACHAT/SHOPPING EN LIGNE DU 16.01.2025 CARTE N° XXXX6273 INFOMANIAK.COM INTERNET
1/15/2025,Enregistrement comptable,ACHAT/SHOPPING EN LIGNE DU 15.01.2025 CARTE N° XXXX6273 SBB TICKET SHOP N/A ID PAIEMENT 250115201409984707AC NUMERO DE COMMANDE 123892136903
1/15/2025,Enregistrement comptable,ACHAT/SHOPPING EN LIGNE DU 15.01.2025 COP 56949.00 AU COURS DE 0.000214 CARTE N° XXXX6273 UBER *TRIP HELP.UBER.C VORDEN
1/14/2025,Enregistrement comptable,ACHAT/SHOPPING EN LIGNE DU 14.01.2025 COP 22134.00 AU COURS DE 0.000214 CARTE N° XXXX6273 UBER *TRIP HELP.UBER.C VORDEN
1/14/2025,Enregistrement comptable,ACHAT/SHOPPING EN LIGNE DU 14.01.2025 COP 18926.00 AU COURS DE 0.000214 CARTE N° XXXX6273 UBER *TRIP HELP.UBER.C VORDEN
1/13/2025,Enregistrement comptable,ACHAT/SHOPPING EN LIGNE DU 13.01.2025 COP 19595.00 AU COURS DE 0.000214 CARTE N° XXXX6273 UBER *TRIP HELP.UBER.C VORDEN
1/13/2025,Enregistrement comptable,ACHAT/SHOPPING EN LIGNE DU 13.01.2025 COP 11760.00 AU COURS DE 0.000215 CARTE N° XXXX6273 UBER *TRIP HELP.UBER.C VORDEN
11/1/2025,Enregistrement comptable,ACHAT/SHOPPING EN LIGNE DU 11.01.2025 COP 16974.00 AU COURS DE 0.000215 CARTE N° XXXX6273 UBER *TRIP HELP.UBER.C VORDEN
11/1/2025,Enregistrement comptable,ACHAT/SHOPPING EN LIGNE DU 11.01.2025 COP 16811.00 AU COURS DE 0.000215 CARTE N° XXXX6273 UBER *TRIP HELP.UBER.C VORDEN
11/1/2025,Enregistrement comptable,ACHAT/SHOPPING EN LIGNE DU 11.01.2025 COP 34864.00 AU COURS DE 0.000215 CARTE N° XXXX6273 UBER *TRIP HELP.UBER.C VORDEN
8/1/2025,Enregistrement comptable,ACHAT/SHOPPING EN LIGNE DU 08.01.2025 CARTE N° XXXX6273 INFOMANIAK.COM INTERNET
5/1/2025,Enregistrement comptable,ACHAT/SHOPPING EN LIGNE DU 05.01.2025 USD 20.00 AU COURS DE 0.9222 MONTANT DANS LA MONNAIE DU COMPTE 18.44 1.5% FRAIS DE TRAITEMENT 0.28 CARTE N° XXXX6273 CLAUDE.AI SUBSCRIPTION SAN FRANCISCO
2/1/2025,Enregistrement comptable,ACHAT/SHOPPING EN LIGNE DU 02.01.2025 COP 42500.00 AU COURS DE 0.000208 CARTE N° XXXX6273 UBER *TRIP HELP.UBER.C VORDEN
2/1/2025,Enregistrement comptable,ACHAT/SHOPPING EN LIGNE DU 02.01.2025 COP 41382.00 AU COURS DE 0.000208 CARTE N° XXXX6273 UBER *TRIP HELP.UBER.C VORDEN
2/1/2025,Enregistrement comptable,ACHAT/SHOPPING EN LIGNE DU 02.01.2025 COP 23491.00 AU COURS DE 0.000208 CARTE N° XXXX6273 UBER *TRIP HELP.UBER.C VORDEN
2/1/2025,Enregistrement comptable,ACHAT/SHOPPING EN LIGNE DU 02.01.2025 COP 30295.00 AU COURS DE 0.000208 CARTE N° XXXX6273 UBER *TRIP HELP.UBER.C VORDEN
1/1/2025,Enregistrement comptable,ACHAT/SHOPPING EN LIGNE DU 01.01.2025 COP 30668.00 AU COURS DE 0.000208 CARTE N° XXXX6273 UBER *TRIP HELP.UBER.C VORDEN
1/1/2025,Enregistrement comptable,ACHAT/SHOPPING EN LIGNE DU 01.01.2025 COP 16240.00 AU COURS DE 0.000208 CARTE N° XXXX6273 UBER *TRIP HELP.UBER.C VORDEN
1/1/2025,Enregistrement comptable,ACHAT/SHOPPING EN LIGNE DU 01.01.2025 COP 20754.00 AU COURS DE 0.000208 CARTE N° XXXX6273 UBER *TRIP HELP.UBER.C VORDEN
